CREATE TABLE answers
(
    id          BIGINT AUTO_INCREMENT NOT NULL,
    title       VARCHAR(255)          NULL,
    value       INT                   NOT NULL,
    question_id BIGINT                NULL,
    CONSTRAINT pk_answers PRIMARY KEY (id)
);

ALTER TABLE answers
    ADD CONSTRAINT FK_ANSWERS_ON_QUESTION FOREIGN KEY (question_id) REFERENCES questions (id);

INSERT INTO criterias (id, title, point) VALUES
(1, 'Hiệu suất công việc', 30),
  (2, 'Kỹ năng và kiến thức', 20),
  (3, 'Tinh thần làm việc và thái độ', 20),
  (4, 'Đóng góp và sáng kiến', 15),
  (5, 'Quy định và chính sách', 15),
  (6, 'Đóng góp của bản thân và kết quả', 0),
  (7, 'Dự kiến mục tiêu của bản thân quý tiếp theo', 0),
  (8, 'Đánh giá của quản lý', 0),
  (9, 'Kỹ năng chuyên môn (Technical Skills)', 30),
  (10, 'Sự tuân thủ quy định (Compliance)', 0),
  (11, 'Thái độ làm việc (Work Attitude)', 25),
  (12, 'Kỹ năng mềm (Soft Skills)', 25),
  (13, 'Khả năng thích nghi (Adaptability)', 25),
  (14, 'Đóng góp cho tổ chức (Contribution to Organization)', 25),
  (15, 'Kết quả phát triển cá nhân (Personal Development)', 0);

INSERT INTO questions (id, title, point, criteria_id) VALUES
        (1, 'Mức độ hoàn thành mục tiêu công việc được giao trong thời gian qua?', 15, 1),
        (2, 'Mức độ chính xác của công việc?', 10, 1),
        (3, 'Mức độ thường xuyên hoàn thành công việc đúng hạn?', 5, 1),
        (4, 'Mức độ cải thiện kỹ năng chuyên môn trong quý vừa qua? ', 10, 2),
        (5, 'Mức độ hiệu quả khi áp dụng kiến thức mới vào công việc? ', 5, 2),
        (6, 'Kĩ năng cần cải thiện để nâng cao hiệu suất?', 5, 2),
        (7, 'Mức độ thường xuyên hỗ trợ đồng nghiệp trong công việc?', 10, 3),
        (8, 'Thái độ làm việc trong công việc?', 5, 3),
        (9, 'Cách xử lý khi gặp tình huống/task khó?', 5, 3),
        (10, 'Mức độ đóng góp và đưa ra các sáng kiến?', 15, 4),
        (11, 'Mức độ tuân thủ quy định và chính sách trong công ty?', 15, 5),
        (12, 'Mức độ thành thạo các kỹ năng cần thiết cho vị trí làm việc', 15, 10),
        (13, 'Khả năng học hỏi và phát triển', 15, 10),
        (14, 'Bạn có chủ động nhận nhiệm vụ hay cần phải được giao mới thực hiện?', 10, 12),
        (15, 'Bạn có hoàn thành trách nhiệm được giao hay không?', 15, 12),
        (16, 'Bạn có giao tiếp hiệu quả với đồng nghiệp và khách hàng không?', 15, 13),
        (17, 'Bạn làm việc nhóm có hiệu quả và hợp tác tốt không?', 10, 13),
        (18, 'Bạn phản ứng thế nào khi có sự thay đổi đột ngột trong công việc?', 10, 14),
        (19, 'Bạn có dễ dàng thích nghi với những công nghệ mới hoặc quy trình mới không?', 15, 14),
        (20, 'Bạn có đóng góp ý tưởng giúp cải thiện quy trình hoặc nâng cao hiệu quả công việc không?', 10, 15),
        (21, 'Bạn có giúp đỡ và hỗ trợ đồng nghiệp trong công việc không?', 15, 15);

INSERT INTO answers (id, title, value, question_id) VALUES
    (1, '50%', 1, 1),
    (2, '75%', 2, 1),
    (3, '100%', 3, 1),
    (4, '150%', 4, 1),
    (5, '200%', 5, 1),
    (6, '50%', 1, 2),
    (7, '75%', 2, 2),
    (8, '100%', 3, 2),
    (9, '150%', 4, 2),
    (10, '200%', 5, 2),
    (11, 'Hiếm khi', 1, 3),
    (12, 'Thỉnh thoảng', 2, 3),
    (13, 'Đôi khi', 3, 3),
    (14, 'Thường xuyên', 4, 3),
    (15, 'Luôn luôn', 5, 3),
    (16, 'Không cải thiện', 1, 4),
    (17, 'Cải thiện ít', 2, 4),
    (18, 'Cải thiện vừa phải', 3, 4),
    (19, 'Cải thiện đáng kể', 4, 4),
    (20, 'Cải thiện vượt bậc', 5, 4),
    (21, 'Hoàn toàn không', 1, 5),
    (22, 'Ít hiệu quả', 2, 5),
    (23, 'Hiệu quả trung bình', 3, 5),
    (24, 'Khá hiệu quả', 4, 5),
    (25, 'Rất hiệu quả', 5, 5),
    (26, 'Quản lý thời gian', 1, 6),
    (27, 'Giao tiếp và hợp tác', 2, 6),
    (28, 'Chuyên môn kỹ thuật', 3, 6),
    (29, 'Giải quyết vấn đề và ra quyết định', 4, 6),
    (30, 'Lãnh đạo và quản lý đội nhóm', 5, 6),
    (31, 'Rất hiếm khi', 1, 7),
    (32, 'Thỉnh thoảng', 2, 7),
    (33, 'Đôi khi', 3, 7),
    (34, 'Thường xuyên', 4, 7),
    (35, 'Luôn luôn', 5, 7),
    (36, 'Thiếu động lực', 1, 8),
    (37, 'Hơi thụ động', 2, 8),
    (38, 'Bình thường', 3, 8),
    (39, 'Tích cực', 4, 8),
    (40, 'Rất chủ động', 5, 8),
    (41, 'Chưa xử lý tốt', 1, 9),
    (42, 'Xử lý chậm', 2, 9),
    (43, 'Xử lý mức cơ bản', 3, 9),
    (44, 'Xử lý tốt', 4, 9),
    (45, 'Xử lý xuất sắc', 5, 9),
    (46, 'Hầu như không', 1, 10),
    (47, 'Có ít đóng góp', 2, 10),
    (48, 'Đóng góp trung bình', 3, 10),
    (49, 'Có nhiều đóng góp', 4, 10),
    (50, 'Có rất nhiều đóng góp', 5, 10),
    (51, 'Không tuân thủ', 1, 11),
    (52, 'Tuân thủ ít', 2, 11),
    (53, 'Tuân thủ trung bình', 3, 11),
    (54, 'Tuân thủ tốt', 4, 11),
    (55, 'Tuân thủ hoàn toàn', 5, 11),
    (56, 'Rất kém', 1, 12),
    (57, 'Kém', 2, 12),
    (58, 'Trung bình', 3, 12),
    (59, 'Tốt', 4, 12),
    (60, 'Xuất sắc', 5, 12),
    (61, '50%', 1, 13),
    (62, '70%', 2, 13),
    (63, '100%', 3, 13),
    (64, '150%', 4, 13),
    (65, '200%', 5, 13),
    (66, 'Rất kém', 1, 14),
    (67, 'Kém', 2, 14),
    (68, 'Trung bình', 3, 14),
    (69, 'Tốt', 4, 14),
    (70, 'Xuất sắc', 5, 14),
    (71, 'Rất kém', 1, 15),
    (72, 'Kém', 2, 15),
    (73, 'Trung bình', 3, 15),
    (74, 'Tốt', 4, 15),
    (75, 'Xuất sắc', 5, 15),
    (76, 'Rất kém', 1, NULL),
    (77, 'Kém', 2, NULL),
    (78, 'Trung bình', 3, NULL),
    (79, 'Tốt', 4, NULL),
    (80, 'Xuất sắc', 5, NULL),
    (81, 'Rất kém', 1, 16),
    (82, 'Kém', 2, 16),
    (83, 'Trung bình', 3, 16),
    (84, 'Tốt', 4, 16),
    (85, 'Xuất sắc', 5, 16),
    (86, '50%', 1, NULL),
    (87, '70%', 2, NULL),
    (88, '100%', 3, NULL),
    (89, '150%', 4, NULL),
    (90, '200%', 5, NULL),
    (91, '50%', 1, 17),
    (92, '70%', 2, 17),
    (93, '100%', 3, 17),
    (94, '150%', 4, 17),
    (95, '200%', 5, 17),
    (96, '50%', 1, NULL),
    (97, '70%', 2, NULL),
    (98, '100%', 3, NULL),
    (99, '150%', 4, NULL),
    (100, '200%', 5, NULL),
    (101, '50%', 1, 18),
    (102, '70%', 2, 18),
    (103, '100%', 3, 18),
    (104, '150%', 4, 18),
    (105, '200%', 5, 18),
    (106, 'Rất kém', 1, 19),
    (107, 'Kém', 2, 19),
    (108, 'Trung bình', 3, 19),
    (109, 'Tốt', 4, 19),
    (110, 'Xuất sắc', 5, 19),
    (111, 'Rất kém', 1, 20),
    (112, 'Kém', 2, 20),
    (113, 'Trung bình', 3, 20),
    (114, 'Tốt', 4, 20),
    (115, 'Xuất sắc', 5, 20),
    (116, 'Rất kém', 1, 21),
    (117, 'Kém', 2, 21),
    (118, 'Trung bình', 3, 21),
    (119, 'Tốt', 4, 21),
    (120, 'Xuất sắc', 5, 21);
